id,accountId,name,title,phone,email,avatarUrl
con-stripe-tr-01,acc-stripe-treasury,Marcus Chen,VP Security,415-555-2010,marcus.chen@stripe-treasury.example.com,
con-stripe-tr-02,acc-stripe-treasury,Priya Ramanathan,Director SecOps,415-555-2011,priya.ramanathan@stripe-treasury.example.com,
con-stripe-tr-03,acc-stripe-treasury,Eli Rosenberg,Head of Detection Engineering,415-555-2012,eli.rosenberg@stripe-treasury.example.com,
con-stripe-tr-04,acc-stripe-treasury,Anita Park,Security Procurement Lead,415-555-2013,anita.park@stripe-treasury.example.com,
con-stripe-tr-05,acc-stripe-treasury,Tomas Velasco,CISO,415-555-2014,tomas.velasco@stripe-treasury.example.com,
con-stripe-rd-01,acc-stripe-radar,Hannah Liu,Director Risk Engineering,415-555-2110,hannah.liu@stripe-radar.example.com,
con-stripe-rd-02,acc-stripe-radar,Dmitri Ivanov,Head of Fraud Ops,415-555-2111,dmitri.ivanov@stripe-radar.example.com,
con-stripe-rd-03,acc-stripe-radar,Yvonne Cardoso,Security Operations Manager,415-555-2112,yvonne.cardoso@stripe-radar.example.com,
con-doordash-01,acc-doordash-platform,Sara Williams,SecOps Director,415-555-2210,sara.williams@doordash-platform.example.com,
con-doordash-02,acc-doordash-platform,Reza Nazari,Cloud Security Lead,415-555-2211,reza.nazari@doordash-platform.example.com,
con-doordash-03,acc-doordash-platform,Beatrice Owens,IT Procurement,415-555-2212,beatrice.owens@doordash-platform.example.com,
con-reddit-01,acc-reddit-platform,Kevin O'Malley,Security Engineering Manager,415-555-2310,kevin.omalley@reddit-platform.example.com,
con-reddit-02,acc-reddit-platform,Liang Park,Infrastructure Lead,415-555-2311,liang.park@reddit-platform.example.com,
con-lyft-01,acc-lyft-rideshare,Rachel Stein,VP Platform Security,415-555-2410,rachel.stein@lyft-rideshare.example.com,
con-lyft-02,acc-lyft-rideshare,Jamil Brooks,Networking Director,415-555-2411,jamil.brooks@lyft-rideshare.example.com,
con-lyft-03,acc-lyft-rideshare,Sonia Martins,Security Procurement,415-555-2412,sonia.martins@lyft-rideshare.example.com,
con-lyft-04,acc-lyft-rideshare,Henri Lefevre,CISO,415-555-2413,henri.lefevre@lyft-rideshare.example.com,
con-lyft-05,acc-lyft-rideshare,Mei Tanaka,SOC Manager,415-555-2414,mei.tanaka@lyft-rideshare.example.com,
con-twilio-01,acc-twilio-messaging,Daniel Forsberg,VP Security,415-555-2510,daniel.forsberg@twilio-messaging.example.com,
con-twilio-02,acc-twilio-messaging,Anya Kowalski,APAC Infrastructure Lead,415-555-2511,anya.kowalski@twilio-messaging.example.com,
con-twilio-03,acc-twilio-messaging,Marcus Bell,Procurement Manager,415-555-2512,marcus.bell@twilio-messaging.example.com,
con-twilio-04,acc-twilio-messaging,Ines Sanchez,Detection Engineering Lead,415-555-2513,ines.sanchez@twilio-messaging.example.com,
con-databricks-01,acc-databricks-lakehouse,Owen Stratton,CISO,415-555-2610,owen.stratton@databricks-lakehouse.example.com,
con-databricks-02,acc-databricks-lakehouse,Felicia Kim,SecOps Director,415-555-2611,felicia.kim@databricks-lakehouse.example.com,
con-databricks-03,acc-databricks-lakehouse,Asha Mathur,Lakehouse Security Architect,415-555-2612,asha.mathur@databricks-lakehouse.example.com,
con-databricks-04,acc-databricks-lakehouse,Roman Petrov,Endpoint Security Manager,415-555-2613,roman.petrov@databricks-lakehouse.example.com,
con-notion-01,acc-notion-workspace,Ivy Tan,Director Trust and Safety,415-555-2710,ivy.tan@notion-workspace.example.com,
con-notion-02,acc-notion-workspace,Carlos Vargas,SecOps Manager,415-555-2711,carlos.vargas@notion-workspace.example.com,
con-notion-03,acc-notion-workspace,Margot Reinhardt,IT Procurement,415-555-2712,margot.reinhardt@notion-workspace.example.com,
con-linear-01,acc-linear-issues,Wendy Tanaka,Head of Security,415-555-2810,wendy.tanaka@linear-issues.example.com,
con-linear-02,acc-linear-issues,Patrick Olusegun,Security Engineering,415-555-2811,patrick.olusegun@linear-issues.example.com,
con-figma-01,acc-figma-design,Helena Bishop,Director Security,415-555-2910,helena.bishop@figma-design.example.com,
con-figma-02,acc-figma-design,Quincy Park,Detection Engineering Lead,415-555-2911,quincy.park@figma-design.example.com,
con-figma-03,acc-figma-design,Rosa Almeida,Security Operations Manager,415-555-2912,rosa.almeida@figma-design.example.com,
con-asana-01,acc-asana-work,Vince Rao,VP Information Security,415-555-3010,vince.rao@asana-work.example.com,
con-asana-02,acc-asana-work,Beth Caruso,Networking Lead,415-555-3011,beth.caruso@asana-work.example.com,
con-asana-03,acc-asana-work,Tariq Ahmed,Legal Procurement,415-555-3012,tariq.ahmed@asana-work.example.com,
con-pinterest-01,acc-pinterest-discovery,Lauren Hoffmann,Director Platform Security,415-555-3110,lauren.hoffmann@pinterest-discovery.example.com,
con-pinterest-02,acc-pinterest-discovery,Dominic Sato,SecOps Manager,415-555-3111,dominic.sato@pinterest-discovery.example.com,
con-pinterest-03,acc-pinterest-discovery,Nina Berglund,Cloud Security Lead,415-555-3112,nina.berglund@pinterest-discovery.example.com,
con-pinterest-04,acc-pinterest-discovery,Aaron Khan,Procurement,415-555-3113,aaron.khan@pinterest-discovery.example.com,
con-eventbrite-01,acc-eventbrite-events,Maya Lockhart,SecOps Director,415-555-3210,maya.lockhart@eventbrite-events.example.com,
con-eventbrite-02,acc-eventbrite-events,Trevor Doyle,IT Manager,415-555-3211,trevor.doyle@eventbrite-events.example.com,
con-allbirds-01,acc-allbirds,Iris Whitfield,CIO,415-555-3310,iris.whitfield@allbirds.example.com,
con-23andme-01,acc-23andme-genetics,Soren Aldrich,CISO,408-555-3410,soren.aldrich@23andme-genetics.example.com,
con-23andme-02,acc-23andme-genetics,Talia Reyes,SecOps Manager,408-555-3411,talia.reyes@23andme-genetics.example.com,
con-23andme-03,acc-23andme-genetics,Mateus Oliveira,Detection Engineering,408-555-3412,mateus.oliveira@23andme-genetics.example.com,
con-23andme-04,acc-23andme-genetics,Eun Park,Bio-IT Security Lead,408-555-3413,eun.park@23andme-genetics.example.com,
con-houzz-01,acc-houzz-home,Lance Crawford,Director Security,650-555-3510,lance.crawford@houzz-home.example.com,
con-houzz-02,acc-houzz-home,Sienna Petrov,SecOps Manager,650-555-3511,sienna.petrov@houzz-home.example.com,
con-houzz-03,acc-houzz-home,Bradley Tao,Endpoint Engineering Lead,650-555-3512,bradley.tao@houzz-home.example.com,
con-instacart-01,acc-instacart-grocery,Devon Murray,VP Security,415-555-3610,devon.murray@instacart-grocery.example.com,
con-instacart-02,acc-instacart-grocery,Yara Halabi,SecOps Director,415-555-3611,yara.halabi@instacart-grocery.example.com,
con-instacart-03,acc-instacart-grocery,Owen Driscoll,Cloud Security Lead,415-555-3612,owen.driscoll@instacart-grocery.example.com,
con-instacart-04,acc-instacart-grocery,Joelle Saint-Pierre,IT Procurement,415-555-3613,joelle.saint-pierre@instacart-grocery.example.com,
con-cloudflare-01,acc-cloudflare-edge,Renu Iyer,Director Network Security,415-555-3710,renu.iyer@cloudflare-edge.example.com,
con-cloudflare-02,acc-cloudflare-edge,Pavel Krasic,Edge Security Engineer Lead,415-555-3711,pavel.krasic@cloudflare-edge.example.com,
con-cloudflare-03,acc-cloudflare-edge,Mira Lindgren,Procurement Manager,415-555-3712,mira.lindgren@cloudflare-edge.example.com,
con-discord-01,acc-discord-platform,Tomas Andriol,SecOps Manager,415-555-3810,tomas.andriol@discord-platform.example.com,
con-discord-02,acc-discord-platform,Bea Murakami,Trust and Safety Director,415-555-3811,bea.murakami@discord-platform.example.com,
con-postmates-01,acc-postmates-delivery,Greg Halverson,Director Security,415-555-3910,greg.halverson@postmates-delivery.example.com,
con-postmates-02,acc-postmates-delivery,Anika Boateng,SOC Lead,415-555-3911,anika.boateng@postmates-delivery.example.com,
con-coinbase-01,acc-coinbase-exchange,Jin Park,VP Security,415-555-4010,jin.park@coinbase-exchange.example.com,
con-coinbase-02,acc-coinbase-exchange,Lorena Vance,CISO,415-555-4011,lorena.vance@coinbase-exchange.example.com,
con-coinbase-03,acc-coinbase-exchange,Rashid Mansouri,Cloud Security Director,415-555-4012,rashid.mansouri@coinbase-exchange.example.com,
con-coinbase-04,acc-coinbase-exchange,Maddie Sorensen,SecOps Manager,415-555-4013,maddie.sorensen@coinbase-exchange.example.com,
con-coinbase-05,acc-coinbase-exchange,Tobias Brennan,Detection Engineering Lead,415-555-4014,tobias.brennan@coinbase-exchange.example.com,
con-coinbase-06,acc-coinbase-exchange,Pia Niemi,Procurement Director,415-555-4015,pia.niemi@coinbase-exchange.example.com,
con-plaid-01,acc-plaid-fintech,Marisol Burke,VP Security,415-555-4110,marisol.burke@plaid-fintech.example.com,
con-plaid-02,acc-plaid-fintech,Rohan Mehra,SecOps Manager,415-555-4111,rohan.mehra@plaid-fintech.example.com,
con-plaid-03,acc-plaid-fintech,Camille Doucet,IT Procurement,415-555-4112,camille.doucet@plaid-fintech.example.com,
con-robinhood-01,acc-robinhood-markets,Holden Pearce,Director Security,650-555-4210,holden.pearce@robinhood-markets.example.com,
con-robinhood-02,acc-robinhood-markets,Edda Olafsson,SecOps Manager,650-555-4211,edda.olafsson@robinhood-markets.example.com,
con-robinhood-03,acc-robinhood-markets,Vikram Suresh,Detection Engineering,650-555-4212,vikram.suresh@robinhood-markets.example.com,
con-robinhood-04,acc-robinhood-markets,Margaux Pelletier,Procurement,650-555-4213,margaux.pelletier@robinhood-markets.example.com,
con-brex-01,acc-brex-spend,Anders Liu,SecOps Lead,415-555-4310,anders.liu@brex-spend.example.com,
con-brex-02,acc-brex-spend,Phoebe Adekoya,IT Manager,415-555-4311,phoebe.adekoya@brex-spend.example.com,
con-ramp-01,acc-ramp-finance,Garrett Mendoza,Director Security,415-555-4410,garrett.mendoza@ramp-finance.example.com,
con-ramp-02,acc-ramp-finance,Tamsin O'Connor,SecOps Manager,415-555-4411,tamsin.oconnor@ramp-finance.example.com,
con-ramp-03,acc-ramp-finance,Nikhil Banerjee,Networking Lead,415-555-4412,nikhil.banerjee@ramp-finance.example.com,
con-gusto-01,acc-gusto-payroll,Caspian Wright,VP Security,415-555-4510,caspian.wright@gusto-payroll.example.com,
con-gusto-02,acc-gusto-payroll,Helena Antonopoulos,SecOps Director,415-555-4511,helena.antonopoulos@gusto-payroll.example.com,
con-gusto-03,acc-gusto-payroll,Ezra Bauman,IT Procurement,415-555-4512,ezra.bauman@gusto-payroll.example.com,
con-carta-01,acc-carta-equity,Lila Brennan,Director Security,415-555-4610,lila.brennan@carta-equity.example.com,
con-carta-02,acc-carta-equity,Boris Janowski,SecOps Manager,415-555-4611,boris.janowski@carta-equity.example.com,
con-affirm-01,acc-affirm-pay,Selma Riise,VP Security,415-555-4710,selma.riise@affirm-pay.example.com,
con-affirm-02,acc-affirm-pay,Marcus Achebe,Networking Director,415-555-4711,marcus.achebe@affirm-pay.example.com,
con-chime-01,acc-chime-banking,Yuri Mendoza,VP Security,415-555-4810,yuri.mendoza@chime-banking.example.com,
con-chime-02,acc-chime-banking,Petra Lindholm,SecOps Director,415-555-4811,petra.lindholm@chime-banking.example.com,
con-chime-03,acc-chime-banking,Asim Qureshi,Detection Engineering Lead,415-555-4812,asim.qureshi@chime-banking.example.com,
con-roku-01,acc-roku-streaming,Donovan Park,Director Security,408-555-4910,donovan.park@roku-streaming.example.com,
con-roku-02,acc-roku-streaming,Imani Carter,SecOps Manager,408-555-4911,imani.carter@roku-streaming.example.com,
con-nextdoor-01,acc-nextdoor-community,Esme Bauer,Director Security,415-555-5010,esme.bauer@nextdoor-community.example.com,
con-nextdoor-02,acc-nextdoor-community,Jordan Mihailovic,Networking Lead,415-555-5011,jordan.mihailovic@nextdoor-community.example.com,
con-box-01,acc-box-content,Sage Whitcomb,VP Security,650-555-5110,sage.whitcomb@box-content.example.com,
con-box-02,acc-box-content,Iliana Kovacs,SecOps Director,650-555-5111,iliana.kovacs@box-content.example.com,
con-box-03,acc-box-content,Wendell Tao,Procurement Manager,650-555-5112,wendell.tao@box-content.example.com,
con-billcom-01,acc-billcom-payables,Lyle Anders,Director Security,408-555-5210,lyle.anders@billcom-payables.example.com,
con-billcom-02,acc-billcom-payables,Phaedra Costas,SecOps Manager,408-555-5211,phaedra.costas@billcom-payables.example.com,
con-confluent-01,acc-confluent-streaming,Hugo Marchetti,VP Security,650-555-5310,hugo.marchetti@confluent-streaming.example.com,
con-confluent-02,acc-confluent-streaming,Nadia Sokolova,Networking Director,650-555-5311,nadia.sokolova@confluent-streaming.example.com,
con-confluent-03,acc-confluent-streaming,Eitan Strauss,Procurement,650-555-5312,eitan.strauss@confluent-streaming.example.com,
con-gitlab-01,acc-gitlab-devops,Marcus Caldwell,Director DevSecOps,415-555-5410,marcus.caldwell@gitlab-devops.example.com,
con-gitlab-02,acc-gitlab-devops,Salma Idris,SOC Manager,415-555-5411,salma.idris@gitlab-devops.example.com,
con-gitlab-03,acc-gitlab-devops,Ronan Devereux,Detection Engineering,415-555-5412,ronan.devereux@gitlab-devops.example.com,
con-snowflake-01,acc-snowflake-sector,Vera Petrov,CISO,650-555-5510,vera.petrov@snowflake-sector.example.com,
con-snowflake-02,acc-snowflake-sector,Tomohiro Endo,SecOps Director,650-555-5511,tomohiro.endo@snowflake-sector.example.com,
con-snowflake-03,acc-snowflake-sector,Beatrix Holst,Public Sector Architect,650-555-5512,beatrix.holst@snowflake-sector.example.com,
con-snowflake-04,acc-snowflake-sector,Ren Ishida,Detection Engineering,650-555-5513,ren.ishida@snowflake-sector.example.com,
con-atlassian-01,acc-atlassian-marketplace,Imogen Park,Director Marketplace Security,415-555-5610,imogen.park@atlassian-marketplace.example.com,
con-atlassian-02,acc-atlassian-marketplace,Konstantin Vasiliev,SecOps Manager,415-555-5611,konstantin.vasiliev@atlassian-marketplace.example.com,
con-atlassian-03,acc-atlassian-marketplace,Persephone Doukas,Procurement,415-555-5612,persephone.doukas@atlassian-marketplace.example.com,
con-webflow-01,acc-webflow,Theo Eriksson,SecOps Lead,415-555-5710,theo.eriksson@webflow.example.com,
con-webflow-02,acc-webflow,Isadora Reyes,IT Manager,415-555-5711,isadora.reyes@webflow.example.com,
con-segment-01,acc-segment-data,Lorenzo Bianchi,Director Data Security,415-555-5810,lorenzo.bianchi@segment-data.example.com,
con-segment-02,acc-segment-data,Maeve O'Sullivan,SecOps Manager,415-555-5811,maeve.osullivan@segment-data.example.com,
con-mixpanel-01,acc-mixpanel-analytics,Wren Hartley,SecOps Manager,415-555-5910,wren.hartley@mixpanel-analytics.example.com,
con-mixpanel-02,acc-mixpanel-analytics,Cyrus Mehrabi,Networking Lead,415-555-5911,cyrus.mehrabi@mixpanel-analytics.example.com,
con-beacon-ind-01,acc-beacon-industries,Adelaide Pickering,Director Security,650-555-6110,adelaide.pickering@beacon-industries.example.com,
con-beacon-ind-02,acc-beacon-industries,Stellan Korhonen,SecOps Manager,650-555-6111,stellan.korhonen@beacon-industries.example.com,
con-beacon-ind-03,acc-beacon-industries,Marisol Acuna,Procurement,650-555-6112,marisol.acuna@beacon-industries.example.com,
con-tyrell-01,acc-tyrell,Hannelore Schiller,CISO,415-555-6210,hannelore.schiller@tyrell.example.com,
con-tyrell-02,acc-tyrell,Quentin Roussel,VP Security Operations,415-555-6211,quentin.roussel@tyrell.example.com,
con-tyrell-03,acc-tyrell,Imari Foster,Detection Engineering Lead,415-555-6212,imari.foster@tyrell.example.com,
con-tyrell-04,acc-tyrell,Magnus Bredahl,Networking Director,415-555-6213,magnus.bredahl@tyrell.example.com,
con-tyrell-05,acc-tyrell,Cordelia Patel,IT Procurement,415-555-6214,cordelia.patel@tyrell.example.com,
con-cyberdyne-01,acc-cyberdyne,Eleanor Vance,CISO,415-555-6310,eleanor.vance@cyberdyne.example.com,
con-cyberdyne-02,acc-cyberdyne,Wesley Kobayashi,VP Information Security,415-555-6311,wesley.kobayashi@cyberdyne.example.com,
con-cyberdyne-03,acc-cyberdyne,Anastasia Linde,SecOps Director,415-555-6312,anastasia.linde@cyberdyne.example.com,
con-cyberdyne-04,acc-cyberdyne,Tobias Ferreira,Detection Engineering Lead,415-555-6313,tobias.ferreira@cyberdyne.example.com,
con-cyberdyne-05,acc-cyberdyne,Lilith Garner,Cloud Security Director,415-555-6314,lilith.garner@cyberdyne.example.com,
con-cyberdyne-06,acc-cyberdyne,Raphael Kim,Networking VP,415-555-6315,raphael.kim@cyberdyne.example.com,
con-cyberdyne-07,acc-cyberdyne,Stellan Brody,Procurement Director,415-555-6316,stellan.brody@cyberdyne.example.com,
con-yelp-01,acc-yelp-reviews,Marsden Chu,SecOps Manager,415-555-6410,marsden.chu@yelp-reviews.example.com,
con-yelp-02,acc-yelp-reviews,Briar Halstead,Networking Lead,415-555-6411,briar.halstead@yelp-reviews.example.com,
con-strava-01,acc-strava-activities,Octavia Larsen,SecOps Lead,415-555-6510,octavia.larsen@strava-activities.example.com,
con-strava-02,acc-strava-activities,Garrett Mwangi,IT Manager,415-555-6511,garrett.mwangi@strava-activities.example.com,
con-patreon-01,acc-patreon-creators,Rosalind Park,Director Security,415-555-6610,rosalind.park@patreon-creators.example.com,
con-patreon-02,acc-patreon-creators,Ezekiel Toure,SecOps Manager,415-555-6611,ezekiel.toure@patreon-creators.example.com,
con-calendly-01,acc-calendly-scheduling,Tamsen Reilly,IT Manager,415-555-6710,tamsen.reilly@calendly-scheduling.example.com,
con-loom-01,acc-loom-video,Felix Brandt,SecOps Lead,415-555-6810,felix.brandt@loom-video.example.com,
con-loom-02,acc-loom-video,Marigold Sato,Procurement,415-555-6811,marigold.sato@loom-video.example.com,
con-miro-01,acc-miro-whiteboard,Sebastien Wolfe,Director Security,415-555-6910,sebastien.wolfe@miro-whiteboard.example.com,
con-miro-02,acc-miro-whiteboard,Lyra Voss,SecOps Manager,415-555-6911,lyra.voss@miro-whiteboard.example.com,
con-klaviyo-01,acc-klaviyo-marketing,Hudson Reyes,VP Security,415-555-7010,hudson.reyes@klaviyo-marketing.example.com,
con-klaviyo-02,acc-klaviyo-marketing,Theodora Liu,SecOps Lead,415-555-7011,theodora.liu@klaviyo-marketing.example.com,
con-lattice-01,acc-lattice-people,Galen Hoffer,IT Director,415-555-7110,galen.hoffer@lattice-people.example.com,
con-lattice-02,acc-lattice-people,Bianca Severino,SecOps Manager,415-555-7111,bianca.severino@lattice-people.example.com,
con-classpass-01,acc-classpass-fitness,Wiley Tarkington,IT Manager,415-555-7210,wiley.tarkington@classpass-fitness.example.com,
con-front-01,acc-front-inbox,Marcellus Drake,SecOps Lead,415-555-7310,marcellus.drake@front-inbox.example.com,
con-front-02,acc-front-inbox,Beatrice Quinones,Networking Director,415-555-7311,beatrice.quinones@front-inbox.example.com,
